gender,NationalITy,PlaceofBirth,StageID,GradeID,SectionID,Topic,Semester,Relation,ParentAnsweringSurvey,ParentschoolSatisfaction,StudentAbsenceDays,Class
M,KW,KuwaIT,lowerlevel,G-04,A,IT,F,Father,Yes,Good,Under-7,M
M,KW,KuwaIT,lowerlevel,G-04,A,IT,F,Father,Yes,Good,Under-7,M
M,KW,KuwaIT,lowerlevel,G-04,A,IT,F,Father,No,Bad,Above-7,L
M,KW,KuwaIT,lowerlevel,G-04,A,IT,F,Father,No,Bad,Above-7,L
M,KW,KuwaIT,lowerlevel,G-04,A,IT,F,Father,No,Bad,Above-7,M
F,KW,KuwaIT,lowerlevel,G-04,A,IT,F,Father,Yes,Bad,Above-7,M
M,KW,KuwaIT,MiddleSchool,G-07,A,Math,F,Father,No,Bad,Above-7,L
M,KW,KuwaIT,MiddleSchool,G-07,A,Math,F,Father,Yes,Good,Under-7,M
F,KW,KuwaIT,MiddleSchool,G-07,A,Math,F,Father,Yes,Good,Under-7,M
F,KW,KuwaIT,MiddleSchool,G-07,B,IT,F,Father,Yes,Good,Under-7,M
M,KW,KuwaIT,MiddleSchool,G-07,A,Math,F,Father,Yes,Good,Under-7,H
M,KW,KuwaIT,MiddleSchool,G-07,B,Math,F,Father,Yes,Good,Under-7,M
M,KW,KuwaIT,lowerlevel,G-04,A,IT,F,Father,No,Bad,Above-7,L
M,lebanon,lebanon,MiddleSchool,G-08,A,Math,F,Father,No,Bad,Above-7,L
F,KW,KuwaIT,MiddleSchool,G-08,A,Math,F,Mum,No,Bad,Above-7,H
F,KW,KuwaIT,MiddleSchool,G-06,A,IT,F,Father,Yes,Good,Under-7,M
M,KW,KuwaIT,MiddleSchool,G-07,B,IT,F,Father,No,Bad,Above-7,M
M,KW,KuwaIT,MiddleSchool,G-07,A,Math,F,Father,No,Bad,Above-7,M
F,KW,KuwaIT,MiddleSchool,G-07,A,IT,F,Mum,Yes,Good,Under-7,M
M,KW,KuwaIT,MiddleSchool,G-07,B,IT,F,Mum,Yes,Good,Under-7,H
F,KW,KuwaIT,MiddleSchool,G-07,A,IT,F,Father,No,Bad,Above-7,M
F,KW,KuwaIT,MiddleSchool,G-07,B,IT,F,Father,No,Bad,Under-7,M
M,KW,KuwaIT,MiddleSchool,G-07,A,IT,F,Father,No,Bad,Under-7,M
M,KW,KuwaIT,MiddleSchool,G-07,A,IT,F,Father,No,Bad,Above-7,L
M,KW,KuwaIT,MiddleSchool,G-07,B,IT,F,Father,Yes,Good,Above-7,L
M,KW,KuwaIT,MiddleSchool,G-07,A,IT,F,Father,Yes,Good,Above-7,L
M,KW,KuwaIT,MiddleSchool,G-07,B,IT,F,Father,Yes,Bad,Under-7,M
M,KW,KuwaIT,MiddleSchool,G-08,A,Arabic,F,Father,No,Bad,Above-7,L
M,KW,KuwaIT,MiddleSchool,G-08,A,Science,F,Father,Yes,Good,Under-7,M
F,KW,KuwaIT,MiddleSchool,G-08,A,Arabic,F,Father,No,Bad,Under-7,M
F,KW,KuwaIT,MiddleSchool,G-08,A,Arabic,F,Father,Yes,Good,Under-7,H
M,KW,KuwaIT,MiddleSchool,G-07,A,IT,F,Father,Yes,Good,Above-7,L
F,KW,KuwaIT,lowerlevel,G-07,A,IT,F,Father,Yes,Good,Above-7,L
M,KW,KuwaIT,lowerlevel,G-05,A,English,F,Father,No,Bad,Above-7,L
M,KW,KuwaIT,MiddleSchool,G-07,B,Science,F,Father,No,Bad,Above-7,L
M,KW,KuwaIT,MiddleSchool,G-07,A,English,F,Father,No,Bad,Above-7,L
M,KW,KuwaIT,MiddleSchool,G-07,B,Science,F,Mum,Yes,Good,Above-7,L
F,Egypt,Egypt,MiddleSchool,G-07,A,IT,F,Father,Yes,Good,Under-7,M
M,KW,KuwaIT,MiddleSchool,G-06,A,IT,F,Father,No,Bad,Above-7,L
F,SaudiArabia,SaudiArabia,MiddleSchool,G-07,B,Science,F,Father,Yes,Good,Under-7,M
F,KW,KuwaIT,MiddleSchool,G-07,A,IT,F,Father,No,Bad,Above-7,L
M,KW,KuwaIT,MiddleSchool,G-07,A,IT,F,Father,No,Good,Under-7,M
M,KW,KuwaIT,HighSchool,G-09,A,IT,F,Father,Yes,Good,Above-7,L
F,KW,KuwaIT,HighSchool,G-09,A,IT,F,Father,Yes,Good,Under-7,M
F,KW,KuwaIT,HighSchool,G-09,A,IT,F,Father,No,Bad,Under-7,M
M,KW,KuwaIT,MiddleSchool,G-07,A,Quran,F,Father,No,Good,Above-7,L
M,KW,KuwaIT,lowerlevel,G-05,A,English,F,Father,No,Bad,Above-7,L
F,KW,KuwaIT,HighSchool,G-12,A,English,F,Mum,Yes,Good,Under-7,H
F,KW,KuwaIT,HighSchool,G-12,A,English,F,Mum,Yes,Good,Under-7,H
F,KW,KuwaIT,HighSchool,G-12,A,English,F,Father,Yes,Good,Under-7,M
F,KW,KuwaIT,HighSchool,G-12,A,English,F,Father,No,Bad,Above-7,L
M,KW,KuwaIT,HighSchool,G-12,A,English,F,Father,No,Good,Above-7,L
F,KW,KuwaIT,HighSchool,G-12,A,English,F,Father,No,Bad,Under-7,M
F,KW,KuwaIT,HighSchool,G-11,A,Science,F,Mum,Yes,Good,Under-7,H
M,KW,KuwaIT,HighSchool,G-12,A,English,F,Mum,No,Bad,Above-7,L
M,KW,KuwaIT,MiddleSchool,G-07,A,Math,F,Father,Yes,Good,Above-7,L
M,USA,USA,MiddleSchool,G-08,B,Math,F,Father,Yes,Good,Above-7,L
M,KW,KuwaIT,MiddleSchool,G-07,A,Math,F,Father,Yes,Good,Above-7,L
M,KW,KuwaIT,MiddleSchool,G-07,A,Math,F,Father,Yes,Good,Under-7,M
F,USA,USA,MiddleSchool,G-07,A,Math,F,Father,No,Good,Under-7,M
F,Jordan,Jordan,lowerlevel,G-05,A,English,F,Mum,No,Good,Above-7,L
M,KW,KuwaIT,HighSchool,G-10,A,IT,F,Father,Yes,Good,Under-7,M
M,venzuela,venzuela,HighSchool,G-10,A,IT,F,Mum,Yes,Good,Under-7,H
M,KW,KuwaIT,HighSchool,G-10,A,IT,F,Father,Yes,Bad,Under-7,M
M,KW,KuwaIT,HighSchool,G-10,A,IT,F,Father,No,Bad,Above-7,L
M,KW,KuwaIT,HighSchool,G-12,A,English,F,Father,No,Bad,Above-7,L
F,KW,KuwaIT,HighSchool,G-12,A,English,F,Father,No,Bad,Above-7,M
F,USA,USA,HighSchool,G-12,A,English,F,Mum,Yes,Good,Under-7,H
F,USA,USA,HighSchool,G-12,A,IT,F,Mum,Yes,Good,Under-7,H
M,Jordan,Jordan,MiddleSchool,G-07,A,IT,F,Father,No,Bad,Under-7,M
M,Jordan,Jordan,MiddleSchool,G-07,A,IT,F,Father,Yes,Good,Above-7,L
M,KW,KuwaIT,MiddleSchool,G-07,A,IT,F,Father,Yes,Good,Under-7,M
M,KW,KuwaIT,MiddleSchool,G-07,A,Math,F,Father,No,Bad,Under-7,L
F,KW,KuwaIT,MiddleSchool,G-07,A,English,F,Father,Yes,Bad,Above-7,M
M,KW,KuwaIT,MiddleSchool,G-07,B,IT,F,Father,No,Bad,Under-7,L
M,Jordan,Jordan,MiddleSchool,G-07,A,Quran,F,Mum,Yes,Good,Under-7,M
M,Iran,Iran,HighSchool,G-09,A,IT,F,Mum,Yes,Good,Under-7,M
M,KW,KuwaIT,HighSchool,G-09,A,IT,F,Father,Yes,Good,Under-7,M
M,KW,KuwaIT,HighSchool,G-11,A,Quran,F,Father,No,Bad,Above-7,L
F,lebanon,lebanon,MiddleSchool,G-07,B,Math,F,Mum,Yes,Bad,Under-7,H
M,KW,KuwaIT,MiddleSchool,G-07,A,Math,F,Father,Yes,Bad,Under-7,L
M,KW,KuwaIT,lowerlevel,G-02,A,IT,F,Father,No,Bad,Above-7,L
M,KW,KuwaIT,lowerlevel,G-02,B,IT,F,Father,Yes,Good,Above-7,L
M,KW,KuwaIT,lowerlevel,G-02,B,IT,F,Father,No,Good,Above-7,M
M,KW,KuwaIT,lowerlevel,G-02,B,IT,F,Father,Yes,Good,Above-7,H
M,KW,KuwaIT,lowerlevel,G-02,B,IT,F,Father,No,Bad,Above-7,L
M,SaudiArabia,SaudiArabia,lowerlevel,G-02,B,IT,F,Father,Yes,Good,Under-7,H
M,KW,KuwaIT,lowerlevel,G-02,B,IT,F,Father,No,Bad,Under-7,L
F,KW,KuwaIT,lowerlevel,G-02,B,IT,F,Father,No,Bad,Under-7,L
M,KW,KuwaIT,lowerlevel,G-02,B,IT,F,Father,Yes,Good,Above-7,L
M,KW,KuwaIT,lowerlevel,G-02,B,IT,F,Father,Yes,Good,Above-7,L
M,KW,KuwaIT,lowerlevel,G-02,B,IT,F,Father,Yes,Good,Under-7,H
F,KW,KuwaIT,lowerlevel,G-02,B,IT,F,Father,Yes,Good,Under-7,H
M,USA,USA,lowerlevel,G-02,B,IT,F,Father,Yes,Good,Under-7,H
F,KW,KuwaIT,lowerlevel,G-02,B,IT,F,Father,No,Good,Above-7,L
F,KW,KuwaIT,lowerlevel,G-02,B,IT,F,Father,No,Bad,Under-7,H
F,KW,KuwaIT,lowerlevel,G-02,C,IT,F,Father,Yes,Good,Under-7,H
F,KW,KuwaIT,lowerlevel,G-02,B,IT,F,Father,No,Bad,Under-7,M
F,KW,KuwaIT,lowerlevel,G-02,C,IT,F,Father,No,Bad,Under-7,M
M,KW,KuwaIT,lowerlevel,G-02,B,IT,F,Father,Yes,Bad,Above-7,M
M,KW,KuwaIT,lowerlevel,G-02,B,IT,F,Father,Yes,Bad,Under-7,M
F,KW,KuwaIT,lowerlevel,G-02,B,IT,F,Mum,Yes,Good,Under-7,H
F,KW,KuwaIT,lowerlevel,G-02,B,IT,F,Father,No,Bad,Above-7,L
M,KW,KuwaIT,lowerlevel,G-02,B,IT,F,Father,No,Bad,Above-7,L
M,KW,KuwaIT,lowerlevel,G-02,B,IT,F,Father,Yes,Good,Above-7,M
F,KW,KuwaIT,lowerlevel,G-02,B,IT,F,Father,Yes,Good,Above-7,L
F,KW,KuwaIT,lowerlevel,G-02,B,IT,F,Father,Yes,Good,Under-7,M
M,KW,KuwaIT,lowerlevel,G-02,B,IT,F,Father,Yes,Bad,Under-7,H
M,SaudiArabia,SaudiArabia,lowerlevel,G-02,B,IT,F,Father,No,Bad,Above-7,M
M,KW,KuwaIT,lowerlevel,G-02,B,IT,F,Father,No,Bad,Under-7,M
F,Jordan,Jordan,lowerlevel,G-02,B,IT,F,Mum,Yes,Good,Under-7,H
M,KW,KuwaIT,lowerlevel,G-02,C,IT,F,Father,No,Good,Under-7,M
M,KW,KuwaIT,lowerlevel,G-02,B,IT,F,Father,No,Bad,Above-7,L
M,KW,KuwaIT,lowerlevel,G-02,B,IT,F,Father,No,Bad,Above-7,L
M,KW,KuwaIT,lowerlevel,G-02,B,IT,F,Father,No,Bad,Above-7,L
M,KW,KuwaIT,lowerlevel,G-02,B,IT,F,Father,Yes,Good,Above-7,L
F,KW,KuwaIT,lowerlevel,G-02,C,IT,F,Mum,Yes,Good,Above-7,M
F,KW,KuwaIT,lowerlevel,G-02,C,IT,F,Mum,No,Good,Under-7,H
F,KW,KuwaIT,lowerlevel,G-02,C,IT,F,Mum,Yes,Good,Above-7,M
M,KW,KuwaIT,lowerlevel,G-02,C,IT,F,Father,No,Bad,Under-7,M
M,KW,KuwaIT,lowerlevel,G-02,C,IT,F,Mum,Yes,Good,Under-7,M
M,KW,KuwaIT,lowerlevel,G-02,C,IT,F,Mum,No,Bad,Above-7,L
F,KW,KuwaIT,lowerlevel,G-02,B,IT,F,Father,Yes,Good,Above-7,M
F,lebanon,lebanon,lowerlevel,G-02,B,IT,F,Father,Yes,Good,Under-7,M
M,KW,KuwaIT,lowerlevel,G-02,C,IT,F,Father,Yes,Bad,Under-7,L
M,KW,KuwaIT,lowerlevel,G-02,B,IT,F,Father,No,Good,Above-7,L
F,Iran,Iran,lowerlevel,G-02,C,IT,F,Father,Yes,Good,Under-7,M
M,KW,KuwaIT,lowerlevel,G-02,B,IT,F,Father,No,Bad,Above-7,L
M,KW,KuwaIT,lowerlevel,G-02,C,IT,F,Father,No,Bad,Under-7,L
M,KW,KuwaIT,lowerlevel,G-02,B,IT,F,Father,Yes,Good,Under-7,L
F,KW,KuwaIT,lowerlevel,G-02,C,IT,F,Father,No,Bad,Above-7,L
M,Jordan,Jordan,lowerlevel,G-02,C,IT,F,Father,Yes,Good,Under-7,M
M,KW,KuwaIT,lowerlevel,G-02,C,IT,S,Father,No,Bad,Above-7,L
M,KW,KuwaIT,lowerlevel,G-02,A,IT,S,Father,Yes,Good,Above-7,L
M,KW,KuwaIT,MiddleSchool,G-07,A,Quran,S,Father,Yes,Good,Under-7,H
F,Egypt,Egypt,MiddleSchool,G-07,A,Quran,S,Mum,Yes,Good,Under-7,H
F,KW,USA,HighSchool,G-11,A,Quran,S,Mum,Yes,Good,Under-7,H
F,KW,USA,HighSchool,G-11,A,Quran,F,Mum,No,Bad,Under-7,M
F,Jordan,Egypt,MiddleSchool,G-07,A,Quran,F,Mum,No,Bad,Under-7,H
M,Jordan,USA,MiddleSchool,G-07,A,Quran,F,Mum,No,Bad,Under-7,M
M,Tunis,Tunis,MiddleSchool,G-07,A,Quran,F,Father,Yes,Bad,Above-7,L
M,Tunis,Tunis,MiddleSchool,G-07,A,Quran,S,Father,No,Bad,Above-7,L
M,Tunis,Tunis,MiddleSchool,G-07,A,Quran,S,Father,Yes,Good,Under-7,M
M,KW,KuwaIT,MiddleSchool,G-07,A,Quran,S,Father,Yes,Good,Under-7,H
M,KW,KuwaIT,MiddleSchool,G-07,A,Quran,S,Father,No,Bad,Above-7,L
M,Tunis,SaudiArabia,MiddleSchool,G-07,A,Quran,S,Father,Yes,Bad,Under-7,M
F,lebanon,lebanon,MiddleSchool,G-07,A,Quran,S,Mum,Yes,Good,Under-7,H
F,lebanon,lebanon,MiddleSchool,G-07,A,Quran,S,Father,No,Bad,Under-7,M
F,Jordan,Jordan,MiddleSchool,G-07,A,Quran,S,Father,No,Bad,Under-7,M
F,Jordan,lebanon,MiddleSchool,G-07,A,Quran,S,Mum,Yes,Bad,Under-7,H
M,SaudiArabia,SaudiArabia,HighSchool,G-11,A,Quran,S,Father,Yes,Good,Under-7,H
M,SaudiArabia,USA,HighSchool,G-11,A,Science,S,Father,Yes,Good,Under-7,M
F,SaudiArabia,USA,HighSchool,G-11,B,Science,S,Father,Yes,Bad,Under-7,H
M,SaudiArabia,USA,HighSchool,G-11,B,Spanish,S,Father,No,Bad,Above-7,L
M,SaudiArabia,USA,HighSchool,G-11,B,English,S,Father,No,Bad,Above-7,M
M,SaudiArabia,USA,HighSchool,G-11,B,Math,S,Father,Yes,Bad,Under-7,H
F,Tunis,USA,HighSchool,G-11,B,French,S,Father,Yes,Good,Under-7,M
M,Tunis,Tunis,HighSchool,G-11,B,Science,S,Father,No,Good,Under-7,M
M,Tunis,KuwaIT,MiddleSchool,G-07,B,Science,S,Father,No,Bad,Above-7,L
F,KW,KuwaIT,MiddleSchool,G-07,B,Science,S,Father,Yes,Good,Under-7,M
F,Jordan,Jordan,MiddleSchool,G-07,B,Science,S,Mum,Yes,Good,Under-7,H
M,Jordan,Jordan,MiddleSchool,G-07,B,Science,S,Mum,No,Bad,Under-7,M
F,Jordan,Jordan,lowerlevel,G-02,B,French,S,Mum,No,Bad,Under-7,H
F,Jordan,USA,lowerlevel,G-02,B,French,S,Mum,No,Bad,Above-7,M
M,Jordan,Jordan,lowerlevel,G-02,B,French,S,Mum,Yes,Good,Above-7,M
F,Morocco,Morocco,lowerlevel,G-02,B,French,S,Mum,Yes,Good,Under-7,H
M,KW,KuwaIT,lowerlevel,G-02,B,French,S,Mum,No,Bad,Under-7,M
M,Tunis,Tunis,lowerlevel,G-02,B,French,S,Mum,Yes,Good,Under-7,H
M,KW,KuwaIT,lowerlevel,G-02,B,French,S,Mum,Yes,Good,Under-7,H
M,KW,KuwaIT,lowerlevel,G-02,B,French,S,Mum,No,Bad,Under-7,M
M,KW,KuwaIT,lowerlevel,G-02,B,French,S,Father,Yes,Good,Under-7,H
M,KW,KuwaIT,lowerlevel,G-02,B,French,S,Mum,No,Good,Under-7,M
M,Iran,Iran,lowerlevel,G-02,B,French,S,Mum,No,Good,Above-7,L
M,Syria,Syria,lowerlevel,G-02,B,French,S,Mum,Yes,Good,Above-7,L
F,Jordan,Jordan,lowerlevel,G-02,B,French,S,Father,Yes,Bad,Above-7,M
M,Iran,Iran,lowerlevel,G-02,B,French,S,Father,No,Bad,Above-7,L
M,Tunis,Tunis,lowerlevel,G-02,B,French,S,Mum,Yes,Bad,Under-7,H
F,USA,USA,lowerlevel,G-02,B,French,S,Mum,Yes,Bad,Under-7,M
F,lebanon,lebanon,lowerlevel,G-02,B,French,S,Mum,Yes,Bad,Under-7,H
M,lebanon,lebanon,lowerlevel,G-02,B,French,S,Mum,No,Bad,Under-7,M
F,SaudiArabia,SaudiArabia,lowerlevel,G-02,B,French,S,Father,Yes,Bad,Under-7,H
M,Jordan,Jordan,lowerlevel,G-02,B,French,S,Father,No,Bad,Above-7,L
M,KW,KuwaIT,MiddleSchool,G-08,A,Arabic,S,Mum,Yes,Bad,Under-7,H
F,lebanon,lebanon,MiddleSchool,G-08,A,Arabic,S,Father,No,Bad,Under-7,M
M,lebanon,lebanon,MiddleSchool,G-08,A,Arabic,S,Mum,No,Bad,Above-7,L
M,lebanon,Jordan,MiddleSchool,G-08,A,Arabic,S,Mum,Yes,Good,Under-7,H
M,KW,KuwaIT,MiddleSchool,G-08,A,Arabic,S,Mum,Yes,Good,Under-7,M
F,KW,KuwaIT,MiddleSchool,G-08,A,Arabic,S,Father,Yes,Good,Under-7,M
M,KW,KuwaIT,MiddleSchool,G-08,A,Arabic,S,Mum,Yes,Good,Under-7,H
F,KW,KuwaIT,MiddleSchool,G-08,A,Arabic,S,Father,No,Bad,Under-7,M
M,KW,KuwaIT,MiddleSchool,G-08,A,Arabic,S,Father,No,Bad,Under-7,L
M,KW,KuwaIT,MiddleSchool,G-08,A,Arabic,S,Father,Yes,Good,Above-7,L
M,KW,KuwaIT,MiddleSchool,G-08,A,Arabic,S,Mum,Yes,Good,Under-7,M
M,Morocco,Morocco,MiddleSchool,G-08,A,Arabic,S,Mum,No,Bad,Under-7,M
M,Morocco,Morocco,MiddleSchool,G-08,A,Arabic,S,Mum,No,Bad,Under-7,M
M,KW,KuwaIT,MiddleSchool,G-08,A,Arabic,S,Father,Yes,Good,Under-7,M
M,KW,KuwaIT,MiddleSchool,G-08,A,Arabic,S,Mum,Yes,Good,Under-7,H
M,KW,KuwaIT,MiddleSchool,G-08,A,Arabic,S,Mum,No,Bad,Under-7,H
M,Morocco,Morocco,MiddleSchool,G-08,B,Arabic,S,Father,No,Bad,Above-7,L
M,KW,KuwaIT,MiddleSchool,G-08,B,Arabic,S,Father,No,Bad,Under-7,M
M,KW,KuwaIT,MiddleSchool,G-08,B,Arabic,S,Mum,Yes,Bad,Under-7,H
F,lebanon,lebanon,MiddleSchool,G-08,A,Arabic,S,Mum,Yes,Good,Under-7,H
M,KW,KuwaIT,MiddleSchool,G-08,B,Arabic,S,Father,Yes,Good,Under-7,M
F,KW,KuwaIT,MiddleSchool,G-08,B,Arabic,S,Father,Yes,Bad,Under-7,M
M,Jordan,Jordan,MiddleSchool,G-08,B,Arabic,S,Father,No,Bad,Above-7,L
F,SaudiArabia,SaudiArabia,MiddleSchool,G-08,B,Arabic,S,Mum,Yes,Bad,Above-7,H
M,KW,KuwaIT,MiddleSchool,G-08,B,Arabic,S,Father,Yes,Good,Under-7,M
M,KW,KuwaIT,MiddleSchool,G-08,C,Spanish,S,Father,Yes,Good,Under-7,M
M,Tunis,Tunis,MiddleSchool,G-08,C,Spanish,S,Mum,No,Bad,Under-7,M
M,KW,KuwaIT,MiddleSchool,G-08,C,Spanish,S,Father,No,Bad,Under-7,M
M,Jordan,SaudiArabia,MiddleSchool,G-08,C,Spanish,S,Mum,Yes,Good,Under-7,H
M,KW,KuwaIT,MiddleSchool,G-08,C,Spanish,S,Father,No,Bad,Under-7,M
M,Tunis,Tunis,MiddleSchool,G-08,C,Spanish,S,Mum,Yes,Good,Under-7,H
M,Tunis,Tunis,MiddleSchool,G-08,C,Spanish,S,Father,No,Bad,Above-7,L
M,KW,KuwaIT,MiddleSchool,G-08,C,Spanish,S,Father,No,Bad,Above-7,L
M,KW,KuwaIT,MiddleSchool,G-08,C,Spanish,S,Father,No,Good,Above-7,L
M,Iran,Iran,MiddleSchool,G-08,C,Spanish,S,Mum,Yes,Bad,Above-7,M
F,Jordan,KuwaIT,MiddleSchool,G-08,C,Spanish,S,Father,Yes,Good,Under-7,M
M,KW,KuwaIT,MiddleSchool,G-08,C,Spanish,S,Mum,Yes,Bad,Under-7,H
M,KW,KuwaIT,MiddleSchool,G-08,C,Spanish,S,Mum,Yes,Good,Under-7,M
M,lebanon,lebanon,MiddleSchool,G-08,C,Spanish,S,Father,Yes,Good,Under-7,M
M,lebanon,lebanon,MiddleSchool,G-08,C,Spanish,S,Father,No,Good,Under-7,M
M,KW,KuwaIT,MiddleSchool,G-08,B,Spanish,S,Father,Yes,Bad,Under-7,M
M,KW,KuwaIT,MiddleSchool,G-08,A,Spanish,S,Mum,Yes,Good,Under-7,H
M,KW,KuwaIT,MiddleSchool,G-08,B,Spanish,S,Mum,Yes,Bad,Under-7,H
M,KW,KuwaIT,MiddleSchool,G-08,A,Spanish,S,Mum,No,Bad,Under-7,M
M,KW,KuwaIT,MiddleSchool,G-08,B,Spanish,S,Father,No,Bad,Under-7,L
M,KW,KuwaIT,MiddleSchool,G-08,A,Spanish,S,Father,Yes,Good,Under-7,L
M,KW,KuwaIT,HighSchool,G-11,B,Math,S,Mum,Yes,Good,Above-7,H
M,KW,KuwaIT,MiddleSchool,G-08,A,Spanish,S,Father,No,Bad,Above-7,L
M,Iran,Iran,MiddleSchool,G-08,A,Spanish,S,Mum,No,Bad,Above-7,M
M,Syria,Jordan,MiddleSchool,G-08,A,Spanish,S,Father,Yes,Good,Above-7,L
M,Syria,Syria,MiddleSchool,G-07,A,Quran,F,Father,Yes,Good,Above-7,M
F,Jordan,Jordan,MiddleSchool,G-07,B,Science,S,Mum,Yes,Good,Above-7,M
M,KW,KuwaIT,MiddleSchool,G-07,B,Science,S,Mum,Yes,Good,Above-7,M
M,KW,KuwaIT,MiddleSchool,G-07,B,Science,S,Father,No,Bad,Above-7,L
M,Jordan,Jordan,MiddleSchool,G-07,B,Science,S,Father,No,Bad,Above-7,L
M,KW,KuwaIT,MiddleSchool,G-07,B,Science,S,Father,Yes,Good,Above-7,M
F,KW,KuwaIT,MiddleSchool,G-07,B,Science,S,Mum,Yes,Good,Above-7,M
M,Egypt,Egypt,MiddleSchool,G-07,B,Science,S,Mum,Yes,Good,Under-7,H
M,KW,KuwaIT,MiddleSchool,G-07,B,Science,S,Mum,Yes,Bad,Under-7,H
M,Egypt,Egypt,MiddleSchool,G-07,B,Science,S,Father,Yes,Good,Under-7,M
M,KW,KuwaIT,MiddleSchool,G-07,B,Science,S,Father,No,Bad,Above-7,L
M,Egypt,KuwaIT,MiddleSchool,G-07,B,Science,S,Father,No,Bad,Above-7,M
M,KW,KuwaIT,MiddleSchool,G-07,B,IT,S,Mum,Yes,Bad,Under-7,H
F,KW,KuwaIT,MiddleSchool,G-06,A,IT,S,Father,Yes,Bad,Under-7,M
F,KW,KuwaIT,MiddleSchool,G-06,A,Science,S,Father,Yes,Good,Under-7,H
F,KW,KuwaIT,MiddleSchool,G-06,A,Math,S,Father,No,Bad,Above-7,M
F,KW,KuwaIT,MiddleSchool,G-06,A,Quran,S,Father,No,Bad,Above-7,L
M,KW,KuwaIT,lowerlevel,G-04,A,IT,S,Father,No,Good,Above-7,M
M,KW,KuwaIT,lowerlevel,G-04,A,Math,S,Father,Yes,Good,Under-7,H
M,Egypt,Egypt,lowerlevel,G-04,A,English,S,Mum,No,Good,Above-7,L
F,KW,KuwaIT,lowerlevel,G-04,A,Science,S,Father,No,Bad,Under-7,M
M,KW,KuwaIT,lowerlevel,G-04,A,Arabic,S,Father,No,Bad,Above-7,L
M,KW,KuwaIT,lowerlevel,G-04,A,English,S,Father,Yes,Good,Under-7,H
M,KW,KuwaIT,lowerlevel,G-04,A,History,S,Father,Yes,Good,Under-7,H
F,KW,KuwaIT,lowerlevel,G-04,A,History,S,Mum,No,Good,Under-7,H
F,KW,KuwaIT,lowerlevel,G-04,A,History,S,Father,No,Good,Under-7,M
F,KW,KuwaIT,lowerlevel,G-04,A,History,S,Father,Yes,Good,Under-7,M
M,KW,KuwaIT,lowerlevel,G-04,A,English,S,Mum,No,Bad,Above-7,L
M,KW,KuwaIT,lowerlevel,G-04,A,History,S,Father,No,Bad,Above-7,L
M,KW,KuwaIT,lowerlevel,G-04,A,History,S,Father,Yes,Bad,Above-7,M
F,KW,KuwaIT,lowerlevel,G-04,A,History,S,Mum,Yes,Good,Above-7,M
M,Egypt,Egypt,lowerlevel,G-04,A,Math,S,Mum,No,Bad,Above-7,M
F,Jordan,Jordan,MiddleSchool,G-06,A,English,F,Mum,No,Bad,Under-7,M
F,Jordan,Jordan,MiddleSchool,G-06,A,English,S,Mum,No,Bad,Under-7,H
M,Jordan,Jordan,MiddleSchool,G-06,A,English,F,Father,Yes,Good,Above-7,M
M,Jordan,Jordan,MiddleSchool,G-06,A,English,S,Father,Yes,Good,Above-7,M
M,Jordan,Jordan,MiddleSchool,G-06,A,English,F,Father,Yes,Bad,Above-7,M
M,Jordan,Jordan,MiddleSchool,G-06,A,English,S,Father,Yes,Bad,Above-7,M
F,Jordan,Jordan,MiddleSchool,G-06,A,English,F,Mum,No,Good,Under-7,H
F,Jordan,Jordan,MiddleSchool,G-06,A,English,S,Mum,No,Good,Under-7,M
M,Jordan,Jordan,MiddleSchool,G-06,A,English,F,Father,No,Bad,Under-7,M
M,Jordan,Jordan,MiddleSchool,G-06,A,English,S,Father,No,Bad,Under-7,H
F,lebanon,lebanon,MiddleSchool,G-06,A,English,F,Mum,Yes,Good,Under-7,H
F,lebanon,lebanon,MiddleSchool,G-06,A,English,S,Mum,Yes,Good,Under-7,H
M,Palestine,Jordan,MiddleSchool,G-06,A,English,F,Mum,Yes,Good,Under-7,H
M,Palestine,Jordan,MiddleSchool,G-06,A,English,S,Mum,Yes,Good,Under-7,H
M,Palestine,Jordan,MiddleSchool,G-06,A,English,F,Mum,No,Good,Under-7,M
M,Palestine,Jordan,MiddleSchool,G-06,A,English,S,Mum,No,Good,Under-7,M
M,Iraq,Iraq,MiddleSchool,G-06,A,English,F,Mum,No,Good,Under-7,H
M,Iraq,Iraq,MiddleSchool,G-06,A,English,S,Mum,No,Good,Under-7,H
F,Jordan,Jordan,MiddleSchool,G-06,A,English,F,Mum,No,Good,Under-7,H
F,Jordan,Jordan,MiddleSchool,G-06,A,English,S,Mum,No,Good,Under-7,H
M,Jordan,Jordan,MiddleSchool,G-06,A,English,F,Father,No,Bad,Above-7,M
M,Jordan,Jordan,MiddleSchool,G-06,A,English,S,Father,Yes,Bad,Above-7,M
F,Jordan,Jordan,MiddleSchool,G-06,A,English,F,Mum,Yes,Good,Under-7,H
F,Jordan,Jordan,MiddleSchool,G-06,A,English,S,Mum,Yes,Good,Under-7,H
M,Palestine,Jordan,MiddleSchool,G-06,A,English,F,Mum,Yes,Good,Under-7,M
M,Palestine,Jordan,MiddleSchool,G-06,A,English,S,Mum,Yes,Good,Under-7,M
F,Jordan,Jordan,lowerlevel,G-04,A,Science,F,Father,No,Bad,Above-7,L
F,Jordan,Jordan,lowerlevel,G-04,A,Science,S,Father,No,Bad,Above-7,L
F,Palestine,Palestine,lowerlevel,G-04,A,Science,F,Mum,Yes,Good,Under-7,H
F,Palestine,Palestine,lowerlevel,G-04,A,Science,S,Mum,Yes,Good,Under-7,H
M,Iraq,Iraq,lowerlevel,G-04,A,Science,F,Father,Yes,Good,Above-7,M
M,Iraq,Iraq,lowerlevel,G-04,A,Science,S,Father,Yes,Good,Above-7,M
F,Jordan,Jordan,lowerlevel,G-04,A,Science,F,Mum,No,Good,Under-7,H
F,Jordan,Jordan,lowerlevel,G-04,A,Science,S,Mum,No,Good,Under-7,H
M,Jordan,Jordan,lowerlevel,G-04,A,Science,F,Father,No,Good,Above-7,M
M,Jordan,Jordan,lowerlevel,G-04,A,Science,S,Father,No,Good,Above-7,M
M,Jordan,Jordan,lowerlevel,G-04,A,Science,F,Father,No,Bad,Above-7,L
M,Jordan,Jordan,lowerlevel,G-04,A,Science,S,Father,No,Bad,Above-7,L
F,Jordan,Jordan,lowerlevel,G-04,B,Science,F,Mum,No,Bad,Under-7,M
F,Jordan,Jordan,lowerlevel,G-04,B,Science,S,Mum,No,Bad,Under-7,M
F,Jordan,Jordan,lowerlevel,G-04,B,Science,F,Father,Yes,Bad,Under-7,M
F,Jordan,Jordan,lowerlevel,G-04,B,Science,S,Father,Yes,Bad,Under-7,M
M,Jordan,Jordan,lowerlevel,G-04,B,Science,F,Mum,Yes,Good,Under-7,H
M,Jordan,Jordan,lowerlevel,G-04,B,Science,S,Mum,Yes,Good,Under-7,H
M,Palestine,Jordan,lowerlevel,G-04,B,Science,F,Mum,Yes,Good,Above-7,M
M,Palestine,Jordan,lowerlevel,G-04,B,Science,S,Mum,Yes,Good,Above-7,M
M,Jordan,Jordan,lowerlevel,G-04,B,Science,F,Father,No,Good,Above-7,M
M,Jordan,Jordan,lowerlevel,G-04,B,Science,S,Father,No,Good,Above-7,M
F,Jordan,Jordan,lowerlevel,G-04,B,Science,F,Mum,Yes,Good,Under-7,H
F,Jordan,Jordan,lowerlevel,G-04,B,Science,S,Mum,Yes,Good,Under-7,H
F,Jordan,lebanon,lowerlevel,G-04,B,Science,F,Mum,Yes,Good,Under-7,H
F,Jordan,lebanon,lowerlevel,G-04,B,Science,S,Mum,Yes,Good,Under-7,H
M,Jordan,Jordan,lowerlevel,G-02,A,French,F,Mum,Yes,Good,Under-7,H
M,Jordan,Jordan,lowerlevel,G-02,A,French,S,Mum,Yes,Good,Under-7,H
F,Jordan,Jordan,lowerlevel,G-02,A,French,F,Mum,Yes,Good,Under-7,H
F,Jordan,Jordan,lowerlevel,G-02,A,French,S,Mum,Yes,Good,Under-7,H
F,Jordan,Jordan,lowerlevel,G-02,A,French,F,Mum,Yes,Good,Above-7,M
F,Jordan,Jordan,lowerlevel,G-02,A,French,S,Mum,Yes,Good,Above-7,M
M,Jordan,Jordan,lowerlevel,G-02,A,French,F,Father,No,Bad,Above-7,L
M,Jordan,Jordan,lowerlevel,G-02,A,French,S,Father,No,Bad,Above-7,L
M,Syria,Syria,lowerlevel,G-02,A,French,F,Father,No,Bad,Under-7,M
M,Syria,Syria,lowerlevel,G-02,A,French,S,Father,No,Bad,Under-7,M
M,Jordan,Jordan,lowerlevel,G-02,A,French,F,Father,No,Bad,Above-7,L
M,Jordan,Jordan,lowerlevel,G-02,A,French,S,Father,No,Bad,Above-7,L
F,Jordan,Palestine,lowerlevel,G-02,A,French,F,Mum,Yes,Good,Under-7,M
F,Jordan,Palestine,lowerlevel,G-02,A,French,S,Mum,Yes,Good,Under-7,M
M,Jordan,Jordan,lowerlevel,G-02,A,French,F,Father,No,Good,Above-7,L
M,Jordan,Jordan,lowerlevel,G-02,A,French,S,Father,No,Good,Above-7,L
F,Jordan,Jordan,lowerlevel,G-02,A,French,F,Mum,No,Good,Under-7,M
F,Jordan,Jordan,lowerlevel,G-02,A,French,S,Mum,No,Good,Under-7,M
M,Lybia,Lybia,lowerlevel,G-02,A,French,F,Mum,No,Good,Above-7,L
M,Lybia,Lybia,lowerlevel,G-02,A,French,S,Mum,No,Good,Above-7,L
F,Palestine,Jordan,lowerlevel,G-02,A,French,F,Mum,No,Good,Under-7,M
F,Palestine,Jordan,lowerlevel,G-02,A,French,S,Mum,No,Good,Under-7,M
F,Palestine,Jordan,lowerlevel,G-02,B,French,F,Father,No,Good,Under-7,M
F,Palestine,Jordan,lowerlevel,G-02,B,French,S,Father,No,Good,Under-7,M
F,Iraq,Iraq,lowerlevel,G-02,B,French,F,Father,No,Good,Under-7,M
F,Iraq,Iraq,lowerlevel,G-02,B,French,S,Father,No,Good,Under-7,M
M,Jordan,Jordan,lowerlevel,G-02,B,French,F,Mum,No,Bad,Under-7,M
M,Jordan,Jordan,lowerlevel,G-02,B,French,S,Mum,No,Bad,Under-7,M
F,Jordan,Jordan,lowerlevel,G-02,B,French,F,Mum,No,Good,Under-7,H
F,Jordan,Jordan,lowerlevel,G-02,B,French,F,Mum,No,Good,Under-7,H
F,Jordan,Jordan,lowerlevel,G-02,B,French,S,Mum,No,Good,Under-7,H
F,Jordan,Jordan,lowerlevel,G-02,B,French,S,Mum,No,Good,Under-7,H
M,Lybia,Lybia,lowerlevel,G-02,B,French,F,Mum,No,Good,Above-7,L
M,Lybia,Lybia,lowerlevel,G-02,B,French,S,Mum,No,Good,Above-7,L
M,Egypt,Egypt,lowerlevel,G-02,B,French,F,Mum,No,Good,Above-7,L
M,Egypt,Egypt,lowerlevel,G-02,B,French,S,Mum,No,Good,Above-7,L
F,Jordan,Jordan,lowerlevel,G-02,B,French,F,Mum,Yes,Good,Under-7,M
F,Jordan,Jordan,lowerlevel,G-02,B,French,S,Mum,Yes,Good,Under-7,M
M,Jordan,Jordan,lowerlevel,G-02,B,French,F,Mum,Yes,Good,Under-7,H
M,Jordan,Jordan,lowerlevel,G-02,B,French,S,Mum,Yes,Good,Under-7,H
M,Jordan,Jordan,lowerlevel,G-02,B,French,F,Father,Yes,Good,Under-7,M
M,Jordan,Jordan,lowerlevel,G-02,B,French,S,Father,Yes,Good,Under-7,M
F,lebanon,lebanon,lowerlevel,G-02,B,French,F,Mum,Yes,Good,Under-7,H
F,lebanon,lebanon,lowerlevel,G-02,B,French,S,Mum,Yes,Good,Under-7,H
M,Jordan,Jordan,lowerlevel,G-02,A,Arabic,F,Father,Yes,Good,Above-7,M
M,Jordan,Jordan,lowerlevel,G-02,A,Arabic,S,Father,Yes,Good,Above-7,M
M,Palestine,Jordan,lowerlevel,G-02,A,Arabic,F,Father,Yes,Good,Under-7,H
M,Palestine,Jordan,lowerlevel,G-02,A,Arabic,S,Father,Yes,Good,Under-7,H
M,Iraq,Iraq,lowerlevel,G-02,A,Arabic,F,Father,Yes,Good,Under-7,H
M,Iraq,Iraq,lowerlevel,G-02,A,Arabic,S,Father,Yes,Good,Under-7,H
M,Jordan,Jordan,lowerlevel,G-02,A,Arabic,F,Father,Yes,Good,Above-7,M
M,Jordan,Jordan,lowerlevel,G-02,A,Arabic,S,Father,Yes,Good,Above-7,M
F,Palestine,Jordan,lowerlevel,G-02,A,Arabic,F,Mum,No,Good,Under-7,H
F,Palestine,Jordan,lowerlevel,G-02,A,Arabic,S,Mum,No,Good,Under-7,H
M,Jordan,Jordan,lowerlevel,G-02,A,Arabic,F,Father,No,Bad,Under-7,M
M,Jordan,Jordan,lowerlevel,G-02,A,Arabic,S,Father,No,Bad,Under-7,M
F,Jordan,Jordan,lowerlevel,G-02,A,Arabic,F,Father,No,Bad,Above-7,L
F,Jordan,Jordan,lowerlevel,G-02,A,Arabic,S,Father,No,Bad,Above-7,L
M,Jordan,Jordan,lowerlevel,G-02,B,Arabic,F,Father,No,Bad,Above-7,L
M,Jordan,Jordan,lowerlevel,G-02,B,Arabic,S,Father,No,Bad,Above-7,L
M,Jordan,Jordan,lowerlevel,G-02,B,Arabic,F,Mum,Yes,Bad,Above-7,M
M,Jordan,Jordan,lowerlevel,G-02,B,Arabic,S,Mum,Yes,Bad,Above-7,M
M,Jordan,Jordan,lowerlevel,G-02,B,Arabic,F,Father,Yes,Bad,Above-7,L
M,Jordan,Jordan,lowerlevel,G-02,B,Arabic,S,Father,Yes,Bad,Above-7,L
F,Jordan,Jordan,lowerlevel,G-02,B,Arabic,F,Father,No,Bad,Above-7,L
F,Jordan,Jordan,lowerlevel,G-02,B,Arabic,S,Father,No,Bad,Above-7,L
M,Iraq,Iraq,lowerlevel,G-02,B,Arabic,F,Mum,Yes,Good,Under-7,H
M,Iraq,Iraq,lowerlevel,G-02,B,Arabic,S,Mum,Yes,Good,Under-7,H
F,Iraq,Iraq,lowerlevel,G-02,B,Arabic,F,Mum,Yes,Good,Under-7,H
F,Iraq,Iraq,lowerlevel,G-02,B,Arabic,S,Mum,Yes,Good,Under-7,H
M,Jordan,Jordan,lowerlevel,G-02,B,Arabic,F,Mum,Yes,Good,Under-7,M
M,Jordan,Jordan,lowerlevel,G-02,B,Arabic,S,Mum,Yes,Good,Under-7,M
M,Jordan,SaudiArabia,lowerlevel,G-02,B,Arabic,F,Mum,No,Good,Above-7,L
M,Jordan,SaudiArabia,lowerlevel,G-02,B,Arabic,S,Mum,No,Good,Above-7,L
F,Jordan,Jordan,MiddleSchool,G-07,A,Biology,F,Mum,Yes,Good,Above-7,M
F,Jordan,Jordan,MiddleSchool,G-07,A,Biology,S,Mum,Yes,Good,Above-7,M
F,Iraq,Iraq,MiddleSchool,G-07,A,Biology,F,Mum,Yes,Good,Under-7,H
F,Iraq,Iraq,MiddleSchool,G-07,A,Biology,S,Mum,Yes,Good,Under-7,H
M,Jordan,Palestine,MiddleSchool,G-07,A,Biology,F,Mum,Yes,Good,Under-7,H
M,Jordan,Palestine,MiddleSchool,G-07,A,Biology,S,Mum,Yes,Good,Under-7,H
M,Jordan,Jordan,MiddleSchool,G-07,A,Biology,F,Father,Yes,Bad,Under-7,M
M,Jordan,Jordan,MiddleSchool,G-07,A,Biology,S,Father,Yes,Bad,Under-7,M
M,Palestine,Palestine,MiddleSchool,G-07,A,Biology,F,Father,Yes,Good,Under-7,H
M,Palestine,Palestine,MiddleSchool,G-07,A,Biology,S,Father,Yes,Good,Under-7,H
M,Jordan,Jordan,MiddleSchool,G-07,A,Biology,F,Father,No,Good,Above-7,M
M,Jordan,Jordan,MiddleSchool,G-07,A,Biology,S,Father,No,Good,Above-7,M
M,Jordan,Jordan,MiddleSchool,G-07,A,Biology,F,Father,No,Good,Under-7,H
M,Jordan,Jordan,MiddleSchool,G-07,A,Biology,S,Father,No,Good,Under-7,H
F,Syria,Syria,MiddleSchool,G-07,A,Biology,F,Mum,Yes,Good,Under-7,H
F,Syria,Syria,MiddleSchool,G-07,A,Biology,S,Mum,Yes,Good,Under-7,H
M,Jordan,Jordan,MiddleSchool,G-07,A,Biology,F,Mum,No,Bad,Above-7,L
M,Jordan,Jordan,MiddleSchool,G-07,A,Biology,S,Mum,No,Bad,Above-7,L
M,Jordan,Jordan,MiddleSchool,G-07,B,Biology,F,Father,No,Bad,Under-7,M
M,Jordan,Jordan,MiddleSchool,G-07,B,Biology,S,Father,No,Bad,Under-7,M
F,Jordan,Jordan,MiddleSchool,G-07,B,Biology,F,Mum,No,Good,Under-7,H
F,Jordan,Jordan,MiddleSchool,G-07,B,Biology,S,Mum,No,Good,Under-7,H
M,Palestine,Jordan,MiddleSchool,G-07,B,Biology,F,Father,Yes,Good,Under-7,M
M,Palestine,Jordan,MiddleSchool,G-07,B,Biology,S,Father,Yes,Good,Under-7,M
F,Lybia,Lybia,MiddleSchool,G-07,B,Biology,F,Mum,No,Good,Above-7,L
F,Lybia,Lybia,MiddleSchool,G-07,B,Biology,S,Mum,No,Good,Above-7,L
M,Iraq,Iraq,MiddleSchool,G-07,B,Biology,F,Father,Yes,Good,Under-7,H
M,Iraq,Iraq,MiddleSchool,G-07,B,Biology,S,Father,Yes,Good,Under-7,H
M,Palestine,Jordan,MiddleSchool,G-07,B,Biology,F,Father,Yes,Good,Under-7,H
M,Palestine,Jordan,MiddleSchool,G-07,B,Biology,S,Father,Yes,Good,Under-7,H
F,Jordan,Jordan,MiddleSchool,G-08,A,Chemistry,F,Mum,Yes,Good,Under-7,H
F,Jordan,Jordan,MiddleSchool,G-08,A,Chemistry,S,Mum,Yes,Good,Under-7,H
F,Jordan,Jordan,MiddleSchool,G-08,A,Geology,F,Mum,Yes,Good,Above-7,M
F,Jordan,Jordan,MiddleSchool,G-08,A,Geology,S,Mum,Yes,Good,Above-7,M
F,Jordan,Jordan,MiddleSchool,G-08,A,Geology,F,Mum,Yes,Good,Under-7,H
F,Jordan,Jordan,MiddleSchool,G-08,A,Geology,S,Mum,Yes,Good,Under-7,H
M,Jordan,Jordan,MiddleSchool,G-08,A,Chemistry,F,Mum,Yes,Good,Above-7,M
M,Jordan,Jordan,MiddleSchool,G-08,A,Chemistry,S,Mum,Yes,Good,Above-7,M
M,Jordan,SaudiArabia,MiddleSchool,G-08,A,Chemistry,F,Father,No,Bad,Above-7,L
M,Jordan,SaudiArabia,MiddleSchool,G-08,A,Chemistry,S,Father,No,Bad,Above-7,L
M,Jordan,SaudiArabia,MiddleSchool,G-08,A,Geology,F,Father,No,Bad,Under-7,H
M,Jordan,SaudiArabia,MiddleSchool,G-08,A,Geology,S,Father,No,Bad,Under-7,H
M,Jordan,SaudiArabia,MiddleSchool,G-08,A,Geology,F,Father,No,Bad,Under-7,M
M,Jordan,SaudiArabia,MiddleSchool,G-08,A,Geology,S,Father,No,Bad,Under-7,M
M,Jordan,Jordan,MiddleSchool,G-08,A,Chemistry,F,Mum,Yes,Good,Above-7,M
M,Jordan,Jordan,MiddleSchool,G-08,A,Chemistry,S,Mum,Yes,Good,Above-7,M
M,Jordan,Jordan,MiddleSchool,G-08,A,Geology,F,Mum,Yes,Good,Under-7,M
M,Jordan,Jordan,MiddleSchool,G-08,A,Geology,S,Mum,Yes,Good,Under-7,M
M,Jordan,Jordan,MiddleSchool,G-08,A,Chemistry,F,Mum,Yes,Good,Under-7,M
M,Jordan,Jordan,MiddleSchool,G-08,A,Chemistry,S,Mum,Yes,Good,Under-7,M
M,Jordan,Jordan,MiddleSchool,G-08,A,Geology,F,Mum,Yes,Good,Under-7,M
M,Jordan,Jordan,MiddleSchool,G-08,A,Geology,S,Mum,Yes,Good,Under-7,M
M,Jordan,Jordan,MiddleSchool,G-08,A,History,F,Mum,Yes,Good,Above-7,M
M,Jordan,Jordan,MiddleSchool,G-08,A,History,S,Mum,Yes,Good,Above-7,M
M,Jordan,Jordan,MiddleSchool,G-08,A,Chemistry,F,Mum,Yes,Good,Above-7,L
M,Jordan,Jordan,MiddleSchool,G-08,A,Chemistry,S,Mum,Yes,Good,Above-7,L
M,Jordan,Jordan,MiddleSchool,G-08,A,Geology,F,Mum,Yes,Good,Under-7,M
M,Jordan,Jordan,MiddleSchool,G-08,A,Geology,S,Mum,Yes,Good,Under-7,M
M,Jordan,Jordan,MiddleSchool,G-08,A,History,F,Mum,Yes,Good,Under-7,H
M,Jordan,Jordan,MiddleSchool,G-08,A,History,S,Mum,Yes,Good,Under-7,H
F,Jordan,Jordan,MiddleSchool,G-08,A,Chemistry,F,Father,Yes,Good,Under-7,H
F,Jordan,Jordan,MiddleSchool,G-08,A,Chemistry,S,Father,Yes,Good,Under-7,H
F,Jordan,Jordan,MiddleSchool,G-08,A,Geology,F,Father,Yes,Good,Above-7,M
F,Jordan,Jordan,MiddleSchool,G-08,A,Geology,S,Father,Yes,Good,Above-7,M
F,Jordan,Jordan,MiddleSchool,G-08,A,History,F,Father,Yes,Good,Under-7,M
F,Jordan,Jordan,MiddleSchool,G-08,A,History,S,Father,Yes,Good,Under-7,M
F,Jordan,Jordan,MiddleSchool,G-08,A,Chemistry,F,Father,Yes,Good,Under-7,H
F,Jordan,Jordan,MiddleSchool,G-08,A,Chemistry,S,Father,Yes,Good,Under-7,H
M,Iraq,Iraq,MiddleSchool,G-08,A,Chemistry,F,Father,Yes,Good,Under-7,H
M,Iraq,Iraq,MiddleSchool,G-08,A,Chemistry,S,Father,Yes,Good,Under-7,H
M,Iraq,Iraq,MiddleSchool,G-08,A,Geology,F,Father,Yes,Good,Above-7,M
M,Iraq,Iraq,MiddleSchool,G-08,A,Geology,S,Father,Yes,Good,Above-7,M
M,Iraq,Iraq,MiddleSchool,G-08,A,History,F,Father,Yes,Good,Above-7,M
M,Iraq,Iraq,MiddleSchool,G-08,A,History,S,Father,Yes,Good,Above-7,M
F,Jordan,Jordan,MiddleSchool,G-08,A,Chemistry,F,Mum,Yes,Good,Under-7,H
F,Jordan,Jordan,MiddleSchool,G-08,A,Chemistry,S,Mum,Yes,Good,Under-7,H
F,Jordan,Jordan,MiddleSchool,G-08,A,Geology,F,Mum,Yes,Good,Under-7,H
F,Jordan,Jordan,MiddleSchool,G-08,A,Geology,S,Mum,Yes,Good,Under-7,H
F,Jordan,Jordan,MiddleSchool,G-08,A,Chemistry,F,Father,No,Bad,Above-7,L
F,Jordan,Jordan,MiddleSchool,G-08,A,Chemistry,S,Father,No,Bad,Above-7,L
M,Palestine,Jordan,MiddleSchool,G-08,A,History,F,Father,Yes,Good,Under-7,M
M,Palestine,Jordan,MiddleSchool,G-08,A,History,S,Father,Yes,Good,Under-7,M
M,Palestine,Palestine,MiddleSchool,G-08,A,Geology,F,Father,Yes,Good,Under-7,M
M,Palestine,Palestine,MiddleSchool,G-08,A,Geology,S,Father,Yes,Good,Under-7,M
F,Jordan,Jordan,MiddleSchool,G-08,A,Chemistry,F,Father,No,Bad,Above-7,L
F,Jordan,Jordan,MiddleSchool,G-08,A,Chemistry,S,Father,No,Bad,Above-7,L
F,Jordan,Jordan,MiddleSchool,G-08,A,Geology,F,Father,No,Bad,Under-7,M
F,Jordan,Jordan,MiddleSchool,G-08,A,Geology,S,Father,No,Bad,Under-7,M
F,Jordan,Jordan,MiddleSchool,G-08,A,History,F,Father,No,Bad,Above-7,L
F,Jordan,Jordan,MiddleSchool,G-08,A,History,S,Father,No,Bad,Above-7,L
